city_code~bank_code~branch_code~branch_soleID~micr_account_no~tr_code~act_name~act_jointname1~act_jointname2~auth_sign1~auth_sign2~auth_sign3~act_address1~act_address2~act_address3~act_address4~act_address5~act_city~act_pin~act_telephone_res~act_telephone_off~act_mobile~no_of_books~book_size~dly_bearer_order~atpar~pr_code~chq_no_from~chq_no_to~effective_date~issue_date~sr_no_infra~alpha_code~spectial_series~ifsc_code~rtgs_code~neft_code~unique_req~account_no~state~country~emailid
400~812~005~12~000021~11~Amandip Sing~Amandip Sing~Amandip Sing~Sandip~Sandip~Sandip~Vashi~Vashi~Vashi~Vashi~Vashi~19~20~21~22~23~24~15~26~27~28~000001~000015~31~32~33~34~35~36~37~38~1045~200478563745~Maharashtra~India~test1@test.com
400~812~005~12~000022~11~Rakesh Kadam~Rakesh Kadam~Prashant Kadam~Prashant~Prashant~Prashant~Dadar~Dadar~Dadar~Dadar~Dadar~19~20~21~22~23~24~15~26~27~28~000016~000030~31~32~33~34~35~36~37~38~1046~200478563199~Kerla~India~test2@test.com
400~812~005~12~000023~11~Niraj Yadav~Niraj Yadav~Niraj Yadav~Niraj~Niraj~Niraj~Worli~Worli~Worli~Worli~Worli~19~20~21~22~23~24~15~26~27~28~000031~000045~31~32~33~34~35~36~37~38~1047~200478563846~Delhi~India~test3@test.com
400~812~005~12~000024~11~Itesh Varma~Mitesh Varma~Mitesh Varma~Mitesh~Mitesh~Mitesh~Sion~Sion~Sion~Sion~Sion~19~20~21~22~23~24~15~26~27~28~000046~000060~31~32~33~34~35~36~37~38~1048~200478563256~Gujrat~India~test4@test.com
400~812~005~12~000025~11~Meet Arora~Meet Arora~Meet Arora~Meet~Meet~Meet~Panvel~Panvel~Panvel~Panvel~Panvel~19~20~21~22~23~24~30~26~27~28~000061~000090~31~32~33~34~35~36~37~38~1049~200478563978~Rajastan~India~test5@test.com